role,target,analog,analog,analog,analog,analog,analog,analog,analog,analog,analog,analog,analog,analog,analog,analog
preferred name,Formaldehyde,Acrylamide,Silica,Methacrylamide,Formamide,Sulfuryl fluoride,Arsenic acid,Urea,Chromic(VI) acid,Sodium nitrite,"2,2-Dibromo-3-nitrilopropionamide",Barium metaborate,Trisodium arsenate,Silver nitrate,Dimethylarsinic acid,Acetamide
dsstox_sid,DTXSID7020637,DTXSID5020027,DTXSID1029677,DTXSID8029600,DTXSID8025337,DTXSID9034945,DTXSID1034341,DTXSID4021426,DTXSID8034455,DTXSID0020941,DTXSID5032361,DTXSID1034347,DTXSID9039367,DTXSID3032042,DTXSID7020508,DTXSID7020005
molecular weight,30.026,71.079,60.083,85.106,45.041,102.050,141.942,60.056,118.008,68.995,241.870,222.940,207.887,169.872,137.998,59.068
similarity,1.00001,0.16666666666666666,0.16666666666666666,0.15384615384615385,0.125,0.125,0.125,0.125,0.125,0.1111111111111111,0.1111111111111111,0.1111111111111111,0.1111111111111111,0.1111111111111111,0.1,0.1
CHR:[other],GenRA Pos Act=1 (1) AUC=0 p=1,no_data,no_data,no_data,no_data,no_data,no_data,no_data,no_data,no_data,no_data,no_data,12.5mg/kg/day,no_data,no_data,no_data
CHR:adrenal gland,GenRA Neg Act=0 (0.138) AUC=0 p=0.845,no_data,no_data,no_data,no_effect,80ppm,no_data,no_effect,no_data,no_effect,no_effect,no_data,no_effect,no_data,no_effect,no_effect
CHR:albumin,GenRA Pos Act=1 (1) AUC=0 p=1,no_data,no_data,no_data,no_data,80ppm,no_data,no_data,no_data,no_data,no_data,no_data,no_data,no_data,40mg/kg/day,no_data
CHR:appearance and color,GenRA Neg Act=0 (0) AUC=0 p=1,no_data,no_data,no_data,no_data,no_effect,no_data,no_effect,no_data,no_effect,no_effect,no_data,no_effect,no_data,no_effect,no_effect
CHR:bile duct,GenRA Pos Act=1 (1) AUC=0 p=1,no_data,no_data,no_data,no_data,no_data,no_data,no_data,no_data,no_data,no_data,no_data,12.5mg/kg/day,no_data,no_data,no_data
CHR:body weight,GenRA Pos Act=1 (0.752) AUC=0.5 p=0.37,no_data,no_data,no_data,40mg/kg/day,79.35mg/kg/day,no_data,no_effect,no_data,100mg/kg/day,71.29mg/kg/day,no_data,1.6mg/kg/day,no_data,40mg/kg/day,no_effect
CHR:bone,GenRA Neg Act=0 (0.488) AUC=0 p=0.835,no_data,no_data,no_data,no_effect,80ppm,no_data,no_data,no_data,no_effect,no_data,no_data,no_data,no_data,7.3mg/kg/day,no_data
CHR:bone marrow,GenRA Neg Act=0 (0.138) AUC=0 p=0.885,no_data,no_data,no_data,80mg/kg/day,no_effect,no_data,no_effect,no_data,no_effect,no_effect,no_data,no_effect,no_data,no_effect,no_effect
CHR:brain,GenRA Neg Act=0 (0.138) AUC=0 p=0.885,no_data,no_data,no_data,no_effect,79.35mg/kg/day,no_data,no_effect,no_data,no_effect,no_effect,no_data,no_effect,no_data,no_effect,no_effect
CHR:chloride,GenRA Pos Act=1 (1) AUC=0 p=1,no_data,no_data,no_data,no_data,80ppm,no_data,no_data,no_data,no_data,no_data,no_data,no_data,no_data,no_data,no_data
CHR:cholesterol,GenRA Pos Act=1 (1) AUC=0 p=1,no_data,no_data,no_data,no_data,80ppm,no_data,no_data,no_data,no_data,no_data,no_data,no_data,no_data,no_data,no_data
CHR:clinical signs,GenRA Neg Act=0 (0.248) AUC=0 p=0.98,no_data,no_data,no_data,no_effect,20ppm,no_data,no_effect,no_data,no_effect,no_effect,no_data,no_effect,no_data,6.5mg/kg/day,no_effect
CHR:clitoral gland,GenRA Neg Act=0 (0) AUC=0 p=1,no_data,no_data,no_data,no_effect,no_data,no_data,no_data,no_data,no_effect,no_data,no_data,no_data,no_data,no_data,no_data
CHR:creatinine,GenRA Pos Act=1 (1) AUC=0 p=1,no_data,no_data,no_data,no_data,80ppm,no_data,no_data,no_data,no_data,no_data,no_data,no_data,no_data,no_data,no_data
CHR:ear,GenRA Neg Act=0 (0) AUC=0 p=1,no_data,no_data,no_data,no_data,no_effect,no_data,no_effect,no_data,no_effect,no_effect,no_data,no_effect,no_data,no_effect,no_effect
CHR:epididymis,GenRA Neg Act=0 (0) AUC=0 p=1,no_data,no_data,no_data,no_effect,no_effect,no_data,no_effect,no_data,no_effect,no_effect,no_data,no_effect,no_data,no_effect,no_effect
CHR:erythrocyte (rbc) count differential,GenRA Pos Act=1 (0.628) AUC=0 p=0.625,no_data,no_data,no_data,no_data,no_effect,no_data,no_data,no_data,100mg/kg/day,no_data,no_data,no_data,no_data,7.3mg/kg/day,no_data
CHR:esophagus,GenRA Neg Act=0 (0) AUC=0 p=1,no_data,no_data,no_data,no_effect,no_effect,no_data,no_effect,no_data,no_effect,no_effect,no_data,no_effect,no_data,no_effect,no_effect
CHR:eye,GenRA Neg Act=0 (0.138) AUC=0 p=0.88,no_data,no_data,no_data,no_effect,80ppm,no_data,no_effect,no_data,no_effect,no_effect,no_data,no_effect,no_data,no_effect,no_effect
CHR:food consumption,GenRA Neg Act=0 (0.284) AUC=0 p=0.975,no_data,no_data,no_data,no_data,no_effect,no_data,no_effect,no_data,100mg/kg/day,71.29mg/kg/day,no_data,no_effect,no_data,no_effect,no_effect
CHR:full gross necropsy,GenRA Neg Act=0 (0.248) AUC=0 p=0.95,no_data,no_data,no_data,no_effect,no_effect,no_data,225mg/kg/day,no_data,no_effect,no_effect,no_data,no_effect,no_data,97mg/kg/day,no_effect
CHR:gallbladder,GenRA Neg Act=0 (0) AUC=0 p=1,no_data,no_data,no_data,no_effect,no_data,no_data,no_data,no_data,no_effect,no_data,no_data,no_data,no_data,no_data,no_data
CHR:globulins,GenRA Pos Act=1 (1) AUC=0 p=1,no_data,no_data,no_data,no_data,no_data,no_data,no_data,no_data,no_data,no_data,no_data,no_data,no_data,0.73mg/kg/day,no_data
CHR:glucose,GenRA Neg Act=0 (0.16) AUC=0 p=0.885,no_data,no_data,no_data,no_data,79.35mg/kg/day,no_data,no_effect,no_data,no_effect,no_effect,no_data,no_effect,no_data,no_effect,no_effect
CHR:harderian gland,GenRA Neg Act=0 (0) AUC=0 p=1,no_data,no_data,no_data,no_effect,no_data,no_data,no_data,no_data,no_effect,no_data,no_data,no_data,no_data,no_data,no_data
CHR:heart,GenRA Neg Act=0 (0.138) AUC=0 p=0.88,no_data,no_data,no_data,no_effect,79.35mg/kg/day,no_data,no_effect,no_data,no_effect,no_effect,no_data,no_effect,no_data,no_effect,no_effect
CHR:hematocrit (hct),GenRA Pos Act=1 (1) AUC=0 p=1,no_data,no_data,no_data,no_data,no_data,no_data,no_data,no_data,100mg/kg/day,no_data,no_data,no_data,no_data,7.3mg/kg/day,no_data
CHR:hemoglobin (hgb),GenRA Pos Act=1 (1) AUC=0 p=1,no_data,no_data,no_data,no_data,no_data,no_data,no_data,no_data,100mg/kg/day,no_data,no_data,no_data,no_data,7.3mg/kg/day,no_data
CHR:intestine large,GenRA Neg Act=0 (0) AUC=0 p=1,no_data,no_data,no_data,no_effect,no_effect,no_data,no_effect,no_data,no_effect,no_effect,no_data,no_effect,no_data,no_effect,no_effect
CHR:intestine small,GenRA Neg Act=0 (0) AUC=0 p=1,no_data,no_data,no_data,no_effect,no_effect,no_data,no_effect,no_data,no_effect,no_effect,no_data,no_effect,no_data,no_effect,no_effect
CHR:kidney,GenRA Neg Act=0 (0.248) AUC=0 p=0.955,no_data,no_data,no_data,no_effect,79.35mg/kg/day,no_data,no_effect,no_data,no_effect,no_effect,no_data,no_effect,no_data,0.73mg/kg/day,no_effect
CHR:larynx,GenRA Neg Act=0 (0) AUC=0 p=1,no_data,no_data,no_data,no_effect,no_effect,no_data,no_effect,no_data,no_effect,no_effect,no_data,no_effect,no_data,no_effect,no_effect
CHR:leukocyte (wbc) count differential,GenRA Neg Act=0 (0.372) AUC=0 p=0.685,no_data,no_data,no_data,no_data,200ppm,no_data,no_data,no_data,no_effect,no_data,no_data,no_data,no_data,no_effect,no_data
CHR:liver,GenRA Pos Act=1 (0.618) AUC=0.2666666666666667 p=0.8,no_data,no_data,no_data,40mg/kg/day,79.35mg/kg/day,no_data,no_effect,no_data,no_effect,71.32mg/kg/day,no_data,no_effect,no_data,40mg/kg/day,1180mg/kg/day
CHR:lung,GenRA Neg Act=0 (0.275) AUC=0.08333333333333331 p=0.91,no_data,no_data,no_data,80mg/kg/day,79.35mg/kg/day,no_data,no_effect,no_data,no_effect,no_effect,no_data,no_effect,no_data,no_effect,no_effect
CHR:lymph node,GenRA Neg Act=0 (0.301) AUC=0.6 p=0.315,no_data,no_data,no_data,no_data,80ppm,no_data,no_effect,no_data,100mg/kg/day,no_effect,no_data,no_effect,no_data,no_effect,no_effect
CHR:mammary gland,GenRA Neg Act=0 (0) AUC=0 p=1,no_data,no_data,no_data,no_effect,no_effect,no_data,no_effect,no_data,no_effect,no_effect,no_data,no_effect,no_data,no_effect,no_effect
CHR:mean corpuscular (cell) volume (mcv),GenRA Pos Act=1 (1) AUC=0 p=1,no_data,no_data,no_data,no_data,no_data,no_data,no_data,no_data,100mg/kg/day,no_data,no_data,no_data,no_data,no_data,no_data
CHR:mortality,GenRA Neg Act=0 (0.26) AUC=0.25 p=0.79,no_data,no_data,no_data,no_effect,79.35mg/kg/day,no_data,no_effect,no_data,no_effect,no_effect,no_data,12.5mg/kg/day,no_data,no_effect,no_effect
CHR:nerve,GenRA Neg Act=0 (0) AUC=0 p=1,no_data,no_data,no_data,no_effect,no_effect,no_data,no_effect,no_data,no_effect,no_effect,no_data,no_effect,no_data,no_effect,no_effect
CHR:nose,GenRA Neg Act=0 (0.138) AUC=0 p=0.89,no_data,no_data,no_data,no_effect,80ppm,no_data,no_effect,no_data,no_effect,no_effect,no_data,no_effect,no_data,no_effect,no_effect
CHR:occult blood,GenRA Neg Act=0 (0) AUC=0 p=1,no_data,no_data,no_data,no_data,no_effect,no_data,no_effect,no_data,no_effect,no_effect,no_data,no_effect,no_data,no_effect,no_effect
CHR:ovary,GenRA Neg Act=0 (0) AUC=0 p=1,no_data,no_data,no_data,no_effect,no_effect,no_data,no_effect,no_data,no_effect,no_effect,no_data,no_effect,no_data,no_effect,no_effect
CHR:pancreas,GenRA Neg Act=0 (0.138) AUC=0 p=0.88,no_data,no_data,no_data,20mg/kg/day,no_effect,no_data,no_effect,no_data,no_effect,no_effect,no_data,no_effect,no_data,no_effect,no_effect
CHR:parathyroid gland,GenRA Neg Act=0 (0.138) AUC=0 p=0.855,no_data,no_data,no_data,no_effect,80ppm,no_data,no_effect,no_data,no_effect,no_effect,no_data,no_effect,no_data,no_effect,no_effect
CHR:ph,GenRA Neg Act=0 (0) AUC=0 p=1,no_data,no_data,no_data,no_data,no_effect,no_data,no_effect,no_data,no_effect,no_effect,no_data,no_effect,no_data,no_effect,no_effect
CHR:pharynx,GenRA Neg Act=0 (0) AUC=0 p=1,no_data,no_data,no_data,no_data,no_effect,no_data,no_effect,no_data,no_effect,no_effect,no_data,no_effect,no_data,no_effect,no_effect
CHR:phosphorus,GenRA Pos Act=1 (1) AUC=0 p=1,no_data,no_data,no_data,no_data,80ppm,no_data,no_data,no_data,no_data,no_data,no_data,no_data,no_data,no_data,no_data
CHR:pituitary gland,GenRA Neg Act=0 (0) AUC=0 p=1,no_data,no_data,no_data,no_effect,no_effect,no_data,no_effect,no_data,no_effect,no_effect,no_data,no_effect,no_data,no_effect,no_effect
CHR:preputial gland,GenRA Neg Act=0 (0) AUC=0 p=1,no_data,no_data,no_data,no_effect,no_data,no_data,no_data,no_data,no_effect,no_data,no_data,no_data,no_data,no_data,no_data
CHR:prostate,GenRA Neg Act=0 (0) AUC=0 p=1,no_data,no_data,no_data,no_effect,no_effect,no_data,no_effect,no_data,no_effect,no_effect,no_data,no_effect,no_data,no_effect,no_effect
CHR:protein,GenRA Neg Act=0 (0.287) AUC=0 p=0.965,no_data,no_data,no_data,no_data,80ppm,no_data,no_effect,no_data,no_effect,no_effect,no_data,no_effect,no_data,0.73mg/kg/day,no_effect
CHR:salivary glands,GenRA Neg Act=0 (0) AUC=0 p=1,no_data,no_data,no_data,no_effect,no_effect,no_data,no_effect,no_data,no_effect,no_effect,no_data,no_effect,no_data,no_effect,no_effect
CHR:seminal vesicle,GenRA Neg Act=0 (0) AUC=0 p=1,no_data,no_data,no_data,no_effect,no_effect,no_data,no_effect,no_data,no_effect,no_effect,no_data,no_effect,no_data,no_effect,no_effect
CHR:skeletal muscle,GenRA Neg Act=0 (0) AUC=0 p=1,no_data,no_data,no_data,no_effect,no_data,no_data,no_data,no_data,no_effect,no_data,no_data,no_data,no_data,no_data,no_data
CHR:skin,GenRA Neg Act=0 (0) AUC=0 p=1,no_data,no_data,no_data,no_effect,no_effect,no_data,no_effect,no_data,no_effect,no_effect,no_data,no_effect,no_data,no_effect,no_effect
CHR:specific gravity/osmolality,GenRA Neg Act=0 (0.287) AUC=0 p=0.96,no_data,no_data,no_data,no_data,80ppm,no_data,no_effect,no_data,no_effect,no_effect,no_data,no_effect,no_data,2.8mg/kg/day,no_effect
CHR:spinal cord,GenRA Neg Act=0 (0) AUC=0 p=1,no_data,no_data,no_data,no_data,no_effect,no_data,no_effect,no_data,no_effect,no_effect,no_data,no_effect,no_data,no_effect,no_effect
CHR:spleen,GenRA Neg Act=0 (0.275) AUC=0.08333333333333331 p=0.93,no_data,no_data,no_data,80mg/kg/day,79.35mg/kg/day,no_data,no_effect,no_data,no_effect,no_effect,no_data,no_effect,no_data,no_effect,no_effect
CHR:stomach,GenRA Neg Act=0 (0.26) AUC=0.4166666666666667 p=0.58,no_data,no_data,no_data,no_effect,80ppm,no_data,no_effect,no_data,130mg/kg/day,no_effect,no_data,no_effect,no_data,no_effect,no_effect
CHR:testes,GenRA Neg Act=0 (0.385) AUC=0.1333333333333333 p=0.955,no_data,no_data,no_data,40mg/kg/day,79.35mg/kg/day,no_data,no_effect,no_data,no_effect,no_effect,no_data,no_effect,no_data,no_effect,1180mg/kg/day
CHR:thymus,GenRA Neg Act=0 (0.346) AUC=0 p=0.665,no_data,no_data,no_data,no_effect,79.35mg/kg/day,no_data,no_data,no_data,no_effect,no_data,no_data,no_data,no_data,no_data,no_data
CHR:thyroid gland,GenRA Neg Act=0 (0.37) AUC=0 p=0.99,no_data,no_data,no_data,no_effect,79.35mg/kg/day,no_data,no_effect,no_data,no_effect,9.546mg/kg/day,no_data,no_effect,no_data,0.73mg/kg/day,no_effect
CHR:tongue,GenRA Neg Act=0 (0) AUC=0 p=1,no_data,no_data,no_data,no_effect,no_data,no_data,no_data,no_data,no_effect,no_data,no_data,no_data,no_data,no_data,no_data
CHR:trachea,GenRA Neg Act=0 (0) AUC=0 p=1,no_data,no_data,no_data,no_effect,no_effect,no_data,no_effect,no_data,no_effect,no_effect,no_data,no_effect,no_data,no_effect,no_effect
CHR:triglycerides,GenRA Pos Act=1 (1) AUC=0 p=1,no_data,no_data,no_data,no_data,80ppm,no_data,no_data,no_data,no_data,no_data,no_data,no_data,no_data,no_data,no_data
CHR:urea nitrogen,GenRA Pos Act=1 (1) AUC=0 p=1,no_data,no_data,no_data,no_data,80ppm,no_data,no_data,no_data,no_data,no_data,no_data,no_data,no_data,no_data,no_data
CHR:urinary bladder,GenRA Neg Act=0 (0.11) AUC=0 p=0.89,no_data,no_data,no_data,no_effect,no_effect,no_data,no_effect,no_data,no_effect,no_effect,no_data,no_effect,no_data,0.73mg/kg/day,no_effect
CHR:uterus,GenRA Neg Act=0 (0) AUC=0 p=1,no_data,no_data,no_data,no_effect,no_effect,no_data,no_effect,no_data,no_effect,no_effect,no_data,no_effect,no_data,no_effect,no_effect
CHR:vagina,GenRA Neg Act=0 (0) AUC=0 p=1,no_data,no_data,no_data,no_effect,no_data,no_data,no_data,no_data,no_effect,no_data,no_data,no_data,no_data,no_data,no_data
CHR:volume,GenRA Neg Act=0 (0.128) AUC=0 p=0.865,no_data,no_data,no_data,no_data,no_effect,no_data,no_effect,no_data,no_effect,no_effect,no_data,no_effect,no_data,7.3mg/kg/day,no_effect
CHR:water consumption,GenRA Pos Act=1 (1) AUC=0 p=1,no_data,no_data,no_data,no_data,no_data,no_data,no_data,no_data,35mg/kg/day,no_data,no_data,no_data,no_data,no_data,no_data
DEV:[other],GenRA Pos Act=1 (1) AUC=0 p=1,no_data,no_data,no_data,no_data,no_data,no_data,no_data,no_data,320mg/kg/day,no_data,no_data,no_data,no_data,no_data,no_data
DEV:aborted,GenRA Neg Act=0 (0.109) AUC=0 p=0.895,no_effect,no_data,no_effect,140mg/kg/day,no_effect,no_effect,no_data,no_effect,no_effect,no_data,no_effect,no_data,no_data,no_effect,no_data
DEV:all gross anomalies,GenRA Neg Act=0 (0) AUC=0 p=1,no_effect,no_data,no_effect,no_effect,no_effect,no_effect,no_data,no_effect,no_effect,no_data,no_effect,no_data,no_data,no_effect,no_data
DEV:anisocytosis,GenRA Pos Act=1 (1) AUC=0 p=1,no_data,no_data,no_data,no_data,no_data,no_data,no_data,no_data,320mg/kg/day,no_data,no_data,no_data,no_data,no_data,no_data
DEV:birth index,GenRA Neg Act=0 (0) AUC=0 p=1,no_effect,no_data,no_effect,no_effect,no_effect,no_effect,no_data,no_effect,no_effect,no_data,no_effect,no_data,no_data,no_effect,no_data
DEV:blood vessel,GenRA Pos Act=1 (1) AUC=0 p=1,no_data,no_data,no_data,no_data,no_data,64mg/kg/day,no_data,no_data,no_data,no_data,no_data,no_data,no_data,no_data,no_data
DEV:body weight,GenRA Pos Act=1 (1) AUC=0 p=1,45mg/kg/day,no_data,120mg/kg/day,100mg/kg/day,225ppm,32mg/kg/day,no_data,120mg/kg/day,100.1mg/kg/day,no_data,125mg/kg/day,no_data,no_data,36mg/kg/day,no_data
DEV:bone,GenRA Neg Act=0 (0.306) AUC=0.6666666666666666 p=0.23,no_effect,no_data,no_effect,100mg/kg/day,no_effect,64mg/kg/day,no_data,no_effect,no_effect,no_data,no_effect,no_data,no_data,36mg/kg/day,no_data
DEV:clinical signs,GenRA Pos Act=1 (0.559) AUC=0 p=0.995,45mg/kg/day,no_data,no_effect,140mg/kg/day,no_effect,64mg/kg/day,no_data,no_effect,320mg/kg/day,no_data,20mg/kg/day,no_data,no_data,no_effect,no_data
DEV:corpora lutea,GenRA Neg Act=0 (0) AUC=0 p=1,no_effect,no_data,no_effect,no_effect,no_effect,no_effect,no_data,no_effect,no_effect,no_data,no_effect,no_data,no_data,no_effect,no_data
DEV:dead fetuses,GenRA Neg Act=0 (0) AUC=0 p=1,no_effect,no_data,no_effect,no_effect,no_effect,no_effect,no_data,no_effect,no_effect,no_data,no_effect,no_data,no_data,no_effect,no_data
DEV:diaphragm,GenRA Pos Act=1 (1) AUC=0 p=1,no_data,no_data,no_data,no_data,no_data,no_data,no_data,no_data,no_data,no_data,no_data,no_data,no_data,36mg/kg/day,no_data
DEV:dystocia,GenRA Neg Act=0 (0) AUC=0 p=1,no_effect,no_data,no_effect,no_effect,no_effect,no_effect,no_data,no_effect,no_effect,no_data,no_effect,no_data,no_data,no_effect,no_data
DEV:erythrocyte (rbc) count differential,GenRA Pos Act=1 (1) AUC=0 p=1,no_data,no_data,no_data,no_data,no_data,no_data,no_data,no_data,100.1mg/kg/day,no_data,no_data,no_data,no_data,no_data,no_data
DEV:food consumption,GenRA Neg Act=0 (0.404) AUC=0 p=0.995,no_effect,no_data,no_effect,140mg/kg/day,no_effect,no_effect,no_data,120mg/kg/day,no_effect,no_data,90mg/kg/day,no_data,no_data,36mg/kg/day,no_data
DEV:full gross necropsy,GenRA Neg Act=0 (0) AUC=0 p=1,no_effect,no_data,no_effect,no_effect,no_effect,no_effect,no_data,no_effect,no_effect,no_data,no_effect,no_data,no_data,no_effect,no_data
DEV:general,GenRA Pos Act=1 (1) AUC=0 p=1,no_data,no_data,no_data,no_data,no_data,no_data,no_data,no_data,no_data,no_data,no_data,no_data,no_data,36mg/kg/day,no_data
DEV:gestation index,GenRA Neg Act=0 (0) AUC=0 p=1,no_effect,no_data,no_effect,no_effect,no_effect,no_effect,no_data,no_effect,no_effect,no_data,no_effect,no_data,no_data,no_effect,no_data
DEV:hemoglobin (hgb),GenRA Pos Act=1 (1) AUC=0 p=1,no_data,no_data,no_data,no_data,no_data,no_data,no_data,no_data,50.05mg/kg/day,no_data,no_data,no_data,no_data,no_data,no_data
DEV:hypochromia,GenRA Pos Act=1 (1) AUC=0 p=1,no_data,no_data,no_data,no_data,no_data,no_data,no_data,no_data,320mg/kg/day,no_data,no_data,no_data,no_data,no_data,no_data
DEV:implantations,GenRA Neg Act=0 (0) AUC=0 p=1,no_effect,no_data,no_effect,no_effect,no_effect,no_effect,no_data,no_effect,no_effect,no_data,no_effect,no_data,no_data,no_effect,no_data
DEV:kidney,GenRA Pos Act=1 (1) AUC=0 p=1,no_data,no_data,no_data,no_data,no_data,64mg/kg/day,no_data,no_data,no_data,no_data,90mg/kg/day,no_data,no_data,no_data,no_data
"DEV:lipids, total",GenRA Pos Act=1 (1) AUC=0 p=1,no_data,no_data,no_data,no_data,no_data,no_data,no_data,no_data,320mg/kg/day,no_data,no_data,no_data,no_data,no_data,no_data
DEV:litter size,GenRA Neg Act=0 (0.109) AUC=0 p=0.9,no_effect,no_data,no_effect,140mg/kg/day,no_effect,no_effect,no_data,no_effect,no_effect,no_data,no_effect,no_data,no_data,no_effect,no_data
DEV:litter viability other,GenRA Neg Act=0 (0) AUC=0 p=1,no_effect,no_data,no_effect,no_effect,no_effect,no_effect,no_data,no_effect,no_effect,no_data,no_effect,no_data,no_data,no_effect,no_data
DEV:live fetuses,GenRA Neg Act=0 (0.109) AUC=0 p=0.905,no_effect,no_data,no_effect,no_effect,no_effect,64mg/kg/day,no_data,no_effect,no_effect,no_data,no_effect,no_data,no_data,no_effect,no_data
DEV:liver,GenRA Pos Act=1 (1) AUC=0 p=1,no_data,no_data,120mg/kg/day,no_data,no_data,no_data,no_data,120mg/kg/day,320mg/kg/day,no_data,no_data,no_data,no_data,no_data,no_data
DEV:lung,GenRA Pos Act=1 (1) AUC=0 p=1,no_data,no_data,no_data,no_data,no_data,no_data,no_data,no_data,no_data,no_data,90mg/kg/day,no_data,no_data,no_data,no_data
DEV:mean corpuscular (cell) volume (mcv),GenRA Pos Act=1 (1) AUC=0 p=1,no_data,no_data,no_data,no_data,no_data,no_data,no_data,no_data,25.05mg/kg/day,no_data,no_data,no_data,no_data,no_data,no_data
DEV:mortality,GenRA Neg Act=0 (0.316) AUC=0.11111111111111112 p=0.945,no_effect,no_data,no_effect,no_effect,no_effect,64mg/kg/day,no_data,2mg/kg/day,no_effect,no_data,20mg/kg/day,no_data,no_data,no_effect,no_data
DEV:offspring survival early other,GenRA Neg Act=0 (0) AUC=0 p=1,no_effect,no_data,no_effect,no_effect,no_effect,no_effect,no_data,no_effect,no_effect,no_data,no_effect,no_data,no_data,no_effect,no_data
DEV:other,GenRA Neg Act=0 (0) AUC=0 p=1,no_effect,no_data,no_effect,no_effect,no_effect,no_effect,no_data,no_effect,no_effect,no_data,no_effect,no_data,no_data,no_effect,no_data
DEV:postimplantation loss,GenRA Neg Act=0 (0.244) AUC=0 p=0.975,no_effect,no_data,180mg/kg/day,no_effect,no_effect,64mg/kg/day,no_data,no_effect,no_effect,no_data,no_effect,no_data,no_data,no_effect,no_data
DEV:pregnancy,GenRA Neg Act=0 (0) AUC=0 p=1,no_effect,no_data,no_effect,no_effect,no_effect,no_effect,no_data,no_effect,no_effect,no_data,no_effect,no_data,no_data,no_effect,no_data
DEV:preimplantation loss,GenRA Neg Act=0 (0) AUC=0 p=1,no_effect,no_data,no_effect,no_effect,no_effect,no_effect,no_data,no_effect,no_effect,no_data,no_effect,no_data,no_data,no_effect,no_data
DEV:premature delivery,GenRA Neg Act=0 (0.109) AUC=0 p=0.895,no_effect,no_data,no_effect,no_effect,no_effect,no_effect,no_data,2mg/kg/day,no_effect,no_data,no_effect,no_data,no_data,no_effect,no_data
DEV:reproductive performance other,GenRA Neg Act=0 (0) AUC=0 p=1,no_effect,no_data,no_effect,no_effect,no_effect,no_effect,no_data,no_effect,no_effect,no_data,no_effect,no_data,no_data,no_effect,no_data
DEV:resorptions,GenRA Neg Act=0 (0.219) AUC=0 p=0.94,no_effect,no_data,no_effect,no_effect,no_effect,32mg/kg/day,no_data,120mg/kg/day,no_effect,no_data,no_effect,no_data,no_data,no_effect,no_data
DEV:sex ratio,GenRA Neg Act=0 (0) AUC=0 p=1,no_effect,no_data,no_effect,no_effect,no_effect,no_effect,no_data,no_effect,no_effect,no_data,no_effect,no_data,no_data,no_effect,no_data
DEV:spinal cord,GenRA Neg Act=0 (0) AUC=0 p=1,no_effect,no_data,no_effect,no_effect,no_effect,no_effect,no_data,no_effect,no_effect,no_data,no_effect,no_data,no_data,no_effect,no_data
DEV:spleen,GenRA Pos Act=1 (1) AUC=0 p=1,no_data,no_data,no_data,no_data,no_data,64mg/kg/day,no_data,no_data,no_data,no_data,no_data,no_data,no_data,no_data,no_data
DEV:stomach,GenRA Pos Act=1 (1) AUC=0 p=1,no_data,no_data,no_data,no_data,no_data,64mg/kg/day,no_data,no_data,no_data,no_data,no_data,no_data,no_data,no_data,no_data
DEV:thymus,GenRA Pos Act=1 (1) AUC=0 p=1,no_data,no_data,no_data,no_data,no_data,no_data,no_data,no_data,no_data,no_data,90mg/kg/day,no_data,no_data,no_data,no_data
DEV:trunk,GenRA Neg Act=0 (0.109) AUC=0 p=0.885,no_effect,no_data,no_effect,no_effect,no_effect,64mg/kg/day,no_data,no_effect,no_effect,no_data,no_effect,no_data,no_data,no_effect,no_data
DEV:uterus,GenRA Neg Act=0 (0.477) AUC=0.55 p=0.38,15mg/kg/day,no_data,180mg/kg/day,140mg/kg/day,no_effect,no_effect,no_data,no_effect,no_effect,no_data,no_effect,no_data,no_data,36mg/kg/day,no_data
DEV:water consumption,GenRA Pos Act=1 (1) AUC=0 p=1,no_data,no_data,no_data,no_data,no_data,no_data,no_data,no_data,100.1mg/kg/day,no_data,no_data,no_data,no_data,no_data,no_data
MGR:[other],GenRA Neg Act=0 (0) AUC=0 p=1,no_data,no_data,no_data,no_effect,no_effect,no_effect,no_data,no_data,no_data,no_effect,no_data,no_data,no_data,no_data,no_data
MGR:aborted,GenRA Neg Act=0 (0) AUC=0 p=1,no_data,no_data,no_data,no_effect,no_effect,no_effect,no_data,no_data,no_data,no_effect,no_data,no_data,no_data,no_data,no_data
MGR:adrenal gland,GenRA Neg Act=0 (0) AUC=0 p=1,no_data,no_data,no_data,no_effect,no_effect,no_effect,no_data,no_data,no_data,no_effect,no_data,no_data,no_data,no_data,no_data
MGR:all gross anomalies,GenRA Neg Act=0 (0) AUC=0 p=1,no_data,no_data,no_data,no_effect,no_effect,no_effect,no_data,no_data,no_data,no_effect,no_data,no_data,no_data,no_data,no_data
MGR:birth index,GenRA Neg Act=0 (0) AUC=0 p=1,no_data,no_data,no_data,no_effect,no_effect,no_effect,no_data,no_data,no_data,no_effect,no_data,no_data,no_data,no_data,no_data
MGR:body weight,GenRA Pos Act=1 (1) AUC=0 p=1,no_data,no_data,no_data,190mg/kg/day,108mg/kg/day,5mg/kg/day,no_data,no_data,no_data,15mg/kg/day,no_data,no_data,no_data,no_data,no_data
MGR:brain,GenRA Pos Act=1 (1) AUC=0 p=1,no_data,no_data,no_data,no_data,108mg/kg/day,no_data,no_data,no_data,no_data,no_data,no_data,no_data,no_data,no_data,no_data
MGR:clinical signs,GenRA Neg Act=0 (0.486) AUC=0 p=0.82,no_data,no_data,no_data,no_effect,108mg/kg/day,no_effect,no_data,no_data,no_data,15mg/kg/day,no_data,no_data,no_data,no_data,no_data
MGR:corpora lutea,GenRA Neg Act=0 (0) AUC=0 p=1,no_data,no_data,no_data,no_effect,no_effect,no_effect,no_data,no_data,no_data,no_effect,no_data,no_data,no_data,no_data,no_data
MGR:dead fetuses,GenRA Neg Act=0 (0) AUC=0 p=1,no_data,no_data,no_data,no_effect,no_effect,no_effect,no_data,no_data,no_data,no_effect,no_data,no_data,no_data,no_data,no_data
MGR:dystocia,GenRA Neg Act=0 (0) AUC=0 p=1,no_data,no_data,no_data,no_effect,no_effect,no_effect,no_data,no_data,no_data,no_effect,no_data,no_data,no_data,no_data,no_data
MGR:epididymis,GenRA Neg Act=0 (0.257) AUC=0 p=0.705,no_data,no_data,no_data,190mg/kg/day,no_effect,no_effect,no_data,no_data,no_data,no_effect,no_data,no_data,no_data,no_data,no_data
MGR:estrous cycle,GenRA Pos Act=1 (1) AUC=0 p=1,no_data,no_data,no_data,190mg/kg/day,no_data,no_data,no_data,no_data,no_data,no_data,no_data,no_data,no_data,no_data,no_data
MGR:fertility,GenRA Pos Act=1 (0.514) AUC=0 p=0.825,no_data,no_data,no_data,195mg/kg/day,no_effect,25mg/kg/day,no_data,no_data,no_data,no_effect,no_data,no_data,no_data,no_data,no_data
MGR:food consumption,GenRA Neg Act=0 (0.257) AUC=0 p=0.74,no_data,no_data,no_data,87mg/kg/day,no_effect,no_effect,no_data,no_data,no_data,no_effect,no_data,no_data,no_data,no_data,no_data
MGR:gestation index,GenRA Neg Act=0 (0) AUC=0 p=1,no_data,no_data,no_data,no_effect,no_effect,no_effect,no_data,no_data,no_data,no_effect,no_data,no_data,no_data,no_data,no_data
MGR:gestational length,GenRA Neg Act=0 (0.257) AUC=0 p=0.695,no_data,no_data,no_data,190mg/kg/day,no_effect,no_effect,no_data,no_data,no_data,no_effect,no_data,no_data,no_data,no_data,no_data
MGR:implantations,GenRA Neg Act=0 (0) AUC=0 p=1,no_data,no_data,no_data,no_effect,no_effect,no_effect,no_data,no_data,no_data,no_effect,no_data,no_data,no_data,no_data,no_data
MGR:intestine large,GenRA Pos Act=1 (1) AUC=0 p=1,no_data,no_data,no_data,no_data,no_data,no_data,no_data,no_data,no_data,30mg/kg/day,no_data,no_data,no_data,no_data,no_data
MGR:intestine small,GenRA Pos Act=1 (1) AUC=0 p=1,no_data,no_data,no_data,no_data,no_data,no_data,no_data,no_data,no_data,30mg/kg/day,no_data,no_data,no_data,no_data,no_data
MGR:lactation index,GenRA Neg Act=0 (0.257) AUC=0 p=0.765,no_data,no_data,no_data,no_effect,no_effect,25mg/kg/day,no_data,no_data,no_data,no_effect,no_data,no_data,no_data,no_data,no_data
MGR:litter size,GenRA Pos Act=1 (0.514) AUC=0 p=0.815,no_data,no_data,no_data,190mg/kg/day,no_effect,25mg/kg/day,no_data,no_data,no_data,no_effect,no_data,no_data,no_data,no_data,no_data
MGR:litter viability other,GenRA Neg Act=0 (0.229) AUC=0 p=0.765,no_data,no_data,no_data,no_effect,no_effect,no_effect,no_data,no_data,no_data,30mg/kg/day,no_data,no_data,no_data,no_data,no_data
MGR:live fetuses,GenRA Neg Act=0 (0) AUC=0 p=1,no_data,no_data,no_data,no_effect,no_effect,no_effect,no_data,no_data,no_data,no_effect,no_data,no_data,no_data,no_data,no_data
MGR:lung,GenRA Pos Act=1 (1) AUC=0 p=1,no_data,no_data,no_data,no_data,14mg/kg/day,no_data,no_data,no_data,no_data,30mg/kg/day,no_data,no_data,no_data,no_data,no_data
MGR:mating,GenRA Neg Act=0 (0) AUC=0 p=1,no_data,no_data,no_data,no_effect,no_effect,no_effect,no_data,no_data,no_data,no_effect,no_data,no_data,no_data,no_data,no_data
MGR:mortality,GenRA Neg Act=0 (0.486) AUC=0 p=0.855,no_data,no_data,no_data,no_effect,no_effect,25mg/kg/day,no_data,no_data,no_data,15mg/kg/day,no_data,no_data,no_data,no_data,no_data
MGR:offspring survival early other,GenRA Neg Act=0 (0) AUC=0 p=1,no_data,no_data,no_data,no_effect,no_effect,no_effect,no_data,no_data,no_data,no_effect,no_data,no_data,no_data,no_data,no_data
MGR:ovary,GenRA Neg Act=0 (0.257) AUC=0 p=0.72,no_data,no_data,no_data,87mg/kg/day,no_effect,no_effect,no_data,no_data,no_data,no_effect,no_data,no_data,no_data,no_data,no_data
MGR:pituitary gland,GenRA Neg Act=0 (0) AUC=0 p=1,no_data,no_data,no_data,no_effect,no_effect,no_effect,no_data,no_data,no_data,no_effect,no_data,no_data,no_data,no_data,no_data
MGR:postimplantation loss,GenRA Neg Act=0 (0) AUC=0 p=1,no_data,no_data,no_data,no_effect,no_effect,no_effect,no_data,no_data,no_data,no_effect,no_data,no_data,no_data,no_data,no_data
MGR:precoital interval,GenRA Neg Act=0 (0) AUC=0 p=1,no_data,no_data,no_data,no_effect,no_effect,no_effect,no_data,no_data,no_data,no_effect,no_data,no_data,no_data,no_data,no_data
MGR:pregnancy,GenRA Neg Act=0 (0.257) AUC=0 p=0.85,no_data,no_data,no_data,190mg/kg/day,no_effect,no_effect,no_data,no_data,no_data,no_effect,no_data,no_data,no_data,no_data,no_data
MGR:pregnancy index,GenRA Neg Act=0 (0) AUC=0 p=1,no_data,no_data,no_data,no_effect,no_effect,no_effect,no_data,no_data,no_data,no_effect,no_data,no_data,no_data,no_data,no_data
MGR:preimplantation loss,GenRA Neg Act=0 (0) AUC=0 p=1,no_data,no_data,no_data,no_effect,no_effect,no_effect,no_data,no_data,no_data,no_effect,no_data,no_data,no_data,no_data,no_data
MGR:premature delivery,GenRA Neg Act=0 (0) AUC=0 p=1,no_data,no_data,no_data,no_effect,no_effect,no_effect,no_data,no_data,no_data,no_effect,no_data,no_data,no_data,no_data,no_data
MGR:prostate,GenRA Neg Act=0 (0) AUC=0 p=1,no_data,no_data,no_data,no_effect,no_effect,no_effect,no_data,no_data,no_data,no_effect,no_data,no_data,no_data,no_data,no_data
MGR:reproductive performance other,GenRA Neg Act=0 (0.257) AUC=0 p=0.78,no_data,no_data,no_data,195mg/kg/day,no_effect,no_effect,no_data,no_data,no_data,no_effect,no_data,no_data,no_data,no_data,no_data
MGR:resorptions,GenRA Neg Act=0 (0) AUC=0 p=1,no_data,no_data,no_data,no_effect,no_effect,no_effect,no_data,no_data,no_data,no_effect,no_data,no_data,no_data,no_data,no_data
MGR:seminal vesicle,GenRA Neg Act=0 (0) AUC=0 p=1,no_data,no_data,no_data,no_effect,no_effect,no_effect,no_data,no_data,no_data,no_effect,no_data,no_data,no_data,no_data,no_data
MGR:sex ratio,GenRA Neg Act=0 (0) AUC=0 p=1,no_data,no_data,no_data,no_effect,no_effect,no_effect,no_data,no_data,no_data,no_effect,no_data,no_data,no_data,no_data,no_data
MGR:stomach,GenRA Pos Act=1 (1) AUC=0 p=1,no_data,no_data,no_data,no_data,no_data,no_data,no_data,no_data,no_data,30mg/kg/day,no_data,no_data,no_data,no_data,no_data
MGR:testes,GenRA Neg Act=0 (0.257) AUC=0 p=0.805,no_data,no_data,no_data,190mg/kg/day,no_effect,no_effect,no_data,no_data,no_data,no_effect,no_data,no_data,no_data,no_data,no_data
MGR:uterus,GenRA Neg Act=0 (0) AUC=0 p=1,no_data,no_data,no_data,no_effect,no_effect,no_effect,no_data,no_data,no_data,no_effect,no_data,no_data,no_data,no_data,no_data
MGR:vagina,GenRA Neg Act=0 (0) AUC=0 p=1,no_data,no_data,no_data,no_effect,no_effect,no_effect,no_data,no_data,no_data,no_effect,no_data,no_data,no_data,no_data,no_data
MGR:viability index,GenRA Neg Act=0 (0.257) AUC=0 p=0.73,no_data,no_data,no_data,no_effect,no_effect,25mg/kg/day,no_data,no_data,no_data,no_effect,no_data,no_data,no_data,no_data,no_data
MGR:water consumption,GenRA Pos Act=1 (1) AUC=0 p=1,no_data,no_data,no_data,24mg/kg/day,no_data,no_data,no_data,no_data,no_data,no_data,no_data,no_data,no_data,no_data,no_data
SAC:adrenal gland,GenRA Neg Act=0 (0) AUC=0 p=1,no_data,no_data,no_data,no_data,no_data,no_data,no_data,no_data,no_data,no_data,no_effect,no_data,no_data,no_data,no_data
SAC:albumin,GenRA Neg Act=0 (0) AUC=0 p=1,no_data,no_data,no_data,no_data,no_data,no_data,no_data,no_data,no_data,no_data,no_effect,no_data,no_data,no_data,no_data
SAC:blood clotting,GenRA Neg Act=0 (0) AUC=0 p=1,no_data,no_data,no_data,no_data,no_data,no_data,no_data,no_data,no_data,no_data,no_effect,no_data,no_data,no_data,no_data
SAC:body weight,GenRA Pos Act=1 (1) AUC=0 p=1,no_data,no_data,no_data,no_data,no_data,no_data,no_data,no_data,no_data,no_data,881mg/kg/day,no_data,no_data,no_data,no_data
SAC:bone marrow,GenRA Neg Act=0 (0) AUC=0 p=1,no_data,no_data,no_data,no_data,no_data,no_data,no_data,no_data,no_data,no_data,no_effect,no_data,no_data,no_data,no_data
SAC:brain,GenRA Pos Act=1 (1) AUC=0 p=1,no_data,no_data,no_data,no_data,no_data,no_data,no_data,no_data,no_data,no_data,881mg/kg/day,no_data,no_data,no_data,no_data
SAC:cholesterol,GenRA Pos Act=1 (1) AUC=0 p=1,no_data,no_data,no_data,no_data,no_data,no_data,no_data,no_data,no_data,no_data,881mg/kg/day,no_data,no_data,no_data,no_data
SAC:clinical signs,GenRA Pos Act=1 (1) AUC=0 p=1,no_data,no_data,no_data,no_data,no_data,no_data,no_data,no_data,no_data,no_data,1149mg/kg/day,no_data,no_data,no_data,no_data
SAC:creatinine,GenRA Neg Act=0 (0) AUC=0 p=1,no_data,no_data,no_data,no_data,no_data,no_data,no_data,no_data,no_data,no_data,no_effect,no_data,no_data,no_data,no_data
SAC:epididymis,GenRA Neg Act=0 (0) AUC=0 p=1,no_data,no_data,no_data,no_data,no_data,no_data,no_data,no_data,no_data,no_data,no_effect,no_data,no_data,no_data,no_data
SAC:erythrocyte (rbc) count differential,GenRA Pos Act=1 (1) AUC=0 p=1,no_data,no_data,no_data,no_data,no_data,no_data,no_data,no_data,no_data,no_data,1149mg/kg/day,no_data,no_data,no_data,no_data
SAC:eye,GenRA Neg Act=0 (0) AUC=0 p=1,no_data,no_data,no_data,no_data,no_data,no_data,no_data,no_data,no_data,no_data,no_effect,no_data,no_data,no_data,no_data
SAC:food consumption,GenRA Pos Act=1 (1) AUC=0 p=1,no_data,no_data,no_data,no_data,no_data,no_data,no_data,no_data,no_data,no_data,881mg/kg/day,no_data,no_data,no_data,no_data
SAC:full gross necropsy,GenRA Neg Act=0 (0) AUC=0 p=1,no_data,no_data,no_data,no_data,no_data,no_data,no_data,no_data,no_data,no_data,no_effect,no_data,no_data,no_data,no_data
SAC:general,GenRA Neg Act=0 (0) AUC=0 p=1,no_data,no_data,no_data,no_data,no_data,no_data,no_data,no_data,no_data,no_data,no_effect,no_data,no_data,no_data,no_data
SAC:globulins,GenRA Pos Act=1 (1) AUC=0 p=1,no_data,no_data,no_data,no_data,no_data,no_data,no_data,no_data,no_data,no_data,1149mg/kg/day,no_data,no_data,no_data,no_data
SAC:glucose,GenRA Neg Act=0 (0) AUC=0 p=1,no_data,no_data,no_data,no_data,no_data,no_data,no_data,no_data,no_data,no_data,no_effect,no_data,no_data,no_data,no_data
SAC:heart,GenRA Neg Act=0 (0) AUC=0 p=1,no_data,no_data,no_data,no_data,no_data,no_data,no_data,no_data,no_data,no_data,no_effect,no_data,no_data,no_data,no_data
SAC:hematocrit (hct),GenRA Pos Act=1 (1) AUC=0 p=1,no_data,no_data,no_data,no_data,no_data,no_data,no_data,no_data,no_data,no_data,1149mg/kg/day,no_data,no_data,no_data,no_data
SAC:hemoglobin (hgb),GenRA Pos Act=1 (1) AUC=0 p=1,no_data,no_data,no_data,no_data,no_data,no_data,no_data,no_data,no_data,no_data,1149mg/kg/day,no_data,no_data,no_data,no_data
SAC:intestine large,GenRA Neg Act=0 (0) AUC=0 p=1,no_data,no_data,no_data,no_data,no_data,no_data,no_data,no_data,no_data,no_data,no_effect,no_data,no_data,no_data,no_data
SAC:intestine small,GenRA Neg Act=0 (0) AUC=0 p=1,no_data,no_data,no_data,no_data,no_data,no_data,no_data,no_data,no_data,no_data,no_effect,no_data,no_data,no_data,no_data
SAC:kidney,GenRA Pos Act=1 (1) AUC=0 p=1,no_data,no_data,no_data,no_data,no_data,no_data,no_data,no_data,no_data,no_data,881mg/kg/day,no_data,no_data,no_data,no_data
SAC:leukocyte (wbc) count differential,GenRA Pos Act=1 (1) AUC=0 p=1,no_data,no_data,no_data,no_data,no_data,no_data,no_data,no_data,no_data,no_data,881mg/kg/day,no_data,no_data,no_data,no_data
SAC:liver,GenRA Pos Act=1 (1) AUC=0 p=1,no_data,no_data,no_data,no_data,no_data,no_data,no_data,no_data,no_data,no_data,881mg/kg/day,no_data,no_data,no_data,no_data
SAC:lung,GenRA Neg Act=0 (0) AUC=0 p=1,no_data,no_data,no_data,no_data,no_data,no_data,no_data,no_data,no_data,no_data,no_effect,no_data,no_data,no_data,no_data
SAC:lymph node,GenRA Neg Act=0 (0) AUC=0 p=1,no_data,no_data,no_data,no_data,no_data,no_data,no_data,no_data,no_data,no_data,no_effect,no_data,no_data,no_data,no_data
SAC:lymphocyte,GenRA Pos Act=1 (1) AUC=0 p=1,no_data,no_data,no_data,no_data,no_data,no_data,no_data,no_data,no_data,no_data,881mg/kg/day,no_data,no_data,no_data,no_data
SAC:mean corpuscular (cell) volume (mcv),GenRA Pos Act=1 (1) AUC=0 p=1,no_data,no_data,no_data,no_data,no_data,no_data,no_data,no_data,no_data,no_data,881mg/kg/day,no_data,no_data,no_data,no_data
SAC:mean corpuscular hemoglobin (mch),GenRA Pos Act=1 (1) AUC=0 p=1,no_data,no_data,no_data,no_data,no_data,no_data,no_data,no_data,no_data,no_data,881mg/kg/day,no_data,no_data,no_data,no_data
SAC:mortality,GenRA Neg Act=0 (0) AUC=0 p=1,no_data,no_data,no_data,no_data,no_data,no_data,no_data,no_data,no_data,no_data,no_effect,no_data,no_data,no_data,no_data
SAC:nerve,GenRA Neg Act=0 (0) AUC=0 p=1,no_data,no_data,no_data,no_data,no_data,no_data,no_data,no_data,no_data,no_data,no_effect,no_data,no_data,no_data,no_data
SAC:neutrophils,GenRA Pos Act=1 (1) AUC=0 p=1,no_data,no_data,no_data,no_data,no_data,no_data,no_data,no_data,no_data,no_data,881mg/kg/day,no_data,no_data,no_data,no_data
SAC:ovary,GenRA Pos Act=1 (1) AUC=0 p=1,no_data,no_data,no_data,no_data,no_data,no_data,no_data,no_data,no_data,no_data,1285mg/kg/day,no_data,no_data,no_data,no_data
SAC:phosphorus,GenRA Pos Act=1 (1) AUC=0 p=1,no_data,no_data,no_data,no_data,no_data,no_data,no_data,no_data,no_data,no_data,1149mg/kg/day,no_data,no_data,no_data,no_data
SAC:platelet,GenRA Neg Act=0 (0) AUC=0 p=1,no_data,no_data,no_data,no_data,no_data,no_data,no_data,no_data,no_data,no_data,no_effect,no_data,no_data,no_data,no_data
SAC:potassium,GenRA Neg Act=0 (0) AUC=0 p=1,no_data,no_data,no_data,no_data,no_data,no_data,no_data,no_data,no_data,no_data,no_effect,no_data,no_data,no_data,no_data
SAC:prostate,GenRA Neg Act=0 (0) AUC=0 p=1,no_data,no_data,no_data,no_data,no_data,no_data,no_data,no_data,no_data,no_data,no_effect,no_data,no_data,no_data,no_data
SAC:protein,GenRA Pos Act=1 (1) AUC=0 p=1,no_data,no_data,no_data,no_data,no_data,no_data,no_data,no_data,no_data,no_data,1149mg/kg/day,no_data,no_data,no_data,no_data
SAC:seminal vesicle,GenRA Neg Act=0 (0) AUC=0 p=1,no_data,no_data,no_data,no_data,no_data,no_data,no_data,no_data,no_data,no_data,no_effect,no_data,no_data,no_data,no_data
SAC:skin,GenRA Neg Act=0 (0) AUC=0 p=1,no_data,no_data,no_data,no_data,no_data,no_data,no_data,no_data,no_data,no_data,no_effect,no_data,no_data,no_data,no_data
SAC:sodium,GenRA Neg Act=0 (0) AUC=0 p=1,no_data,no_data,no_data,no_data,no_data,no_data,no_data,no_data,no_data,no_data,no_effect,no_data,no_data,no_data,no_data
SAC:spinal cord,GenRA Neg Act=0 (0) AUC=0 p=1,no_data,no_data,no_data,no_data,no_data,no_data,no_data,no_data,no_data,no_data,no_effect,no_data,no_data,no_data,no_data
SAC:spleen,GenRA Neg Act=0 (0) AUC=0 p=1,no_data,no_data,no_data,no_data,no_data,no_data,no_data,no_data,no_data,no_data,no_effect,no_data,no_data,no_data,no_data
SAC:stomach,GenRA Neg Act=0 (0) AUC=0 p=1,no_data,no_data,no_data,no_data,no_data,no_data,no_data,no_data,no_data,no_data,no_effect,no_data,no_data,no_data,no_data
SAC:testes,GenRA Pos Act=1 (1) AUC=0 p=1,no_data,no_data,no_data,no_data,no_data,no_data,no_data,no_data,no_data,no_data,881mg/kg/day,no_data,no_data,no_data,no_data
SAC:thymus,GenRA Neg Act=0 (0) AUC=0 p=1,no_data,no_data,no_data,no_data,no_data,no_data,no_data,no_data,no_data,no_data,no_effect,no_data,no_data,no_data,no_data
SAC:thyroid gland,GenRA Neg Act=0 (0) AUC=0 p=1,no_data,no_data,no_data,no_data,no_data,no_data,no_data,no_data,no_data,no_data,no_effect,no_data,no_data,no_data,no_data
SAC:trachea,GenRA Neg Act=0 (0) AUC=0 p=1,no_data,no_data,no_data,no_data,no_data,no_data,no_data,no_data,no_data,no_data,no_effect,no_data,no_data,no_data,no_data
SAC:triglycerides,GenRA Pos Act=1 (1) AUC=0 p=1,no_data,no_data,no_data,no_data,no_data,no_data,no_data,no_data,no_data,no_data,881mg/kg/day,no_data,no_data,no_data,no_data
SAC:urea nitrogen,GenRA Pos Act=1 (1) AUC=0 p=1,no_data,no_data,no_data,no_data,no_data,no_data,no_data,no_data,no_data,no_data,881mg/kg/day,no_data,no_data,no_data,no_data
SAC:urinary bladder,GenRA Neg Act=0 (0) AUC=0 p=1,no_data,no_data,no_data,no_data,no_data,no_data,no_data,no_data,no_data,no_data,no_effect,no_data,no_data,no_data,no_data
SAC:uterus,GenRA Neg Act=0 (0) AUC=0 p=1,no_data,no_data,no_data,no_data,no_data,no_data,no_data,no_data,no_data,no_data,no_effect,no_data,no_data,no_data,no_data
SUB:[other],GenRA Pos Act=1 (1) AUC=0 p=1,no_data,no_data,no_data,40mg/kg/day,no_data,no_data,no_data,no_data,no_data,no_data,no_data,no_data,no_data,no_data,no_data
SUB:adrenal gland,GenRA Neg Act=0 (0.081) AUC=0 p=0.885,no_effect,no_effect,no_data,no_effect,no_effect,no_data,no_data,no_data,no_effect,no_effect,no_effect,no_effect,no_effect,4.5mg/kg/day,no_data
SUB:alanine aminotransferase (alt/sgpt),GenRA Pos Act=1 (0.53) AUC=0 p=0.845,no_data,24.4ppm,no_data,no_effect,no_data,no_data,no_data,no_data,no_effect,no_data,no_data,no_data,no_data,4mg/kg/day,no_data
SUB:albumin,GenRA Pos Act=1 (0.759) AUC=0 p=0.7,no_data,no_data,no_data,160mg/kg/day,14.85mg/kg/day,no_data,no_data,no_data,no_effect,no_data,no_data,no_data,no_data,43.2mg/kg/day,no_data
SUB:albumin-globulin ratio,GenRA Pos Act=1 (1) AUC=0 p=1,no_data,no_data,no_data,no_data,no_data,no_data,no_data,no_data,no_data,no_data,707mg/kg/day,no_data,no_data,no_data,no_data
SUB:alkaline phosphatase (alp/alk),GenRA Pos Act=1 (0.707) AUC=0 p=0.96,20mg/kg/day,24.4ppm,no_data,no_effect,14.85mg/kg/day,no_data,no_data,no_data,no_effect,no_data,no_data,no_data,250mg/kg/day,no_data,no_data
SUB:appearance and color,GenRA Neg Act=0 (0) AUC=0 p=1,no_data,no_data,no_data,no_data,no_data,no_data,no_data,no_data,no_data,no_effect,no_data,no_data,no_effect,no_data,no_data
SUB:aspartate aminotransferase (ast/sgot),GenRA Pos Act=1 (1) AUC=0 p=1,no_data,no_data,no_data,no_data,no_data,no_data,no_data,no_data,no_data,no_data,no_data,no_data,no_data,43.2mg/kg/day,no_data
SUB:bile acids,GenRA Neg Act=0 (0) AUC=0 p=1,no_data,no_data,no_data,no_effect,no_data,no_data,no_data,no_data,no_effect,no_data,no_data,no_data,no_data,no_data,no_data
SUB:blood,GenRA Pos Act=1 (1) AUC=0 p=1,no_data,no_data,no_data,no_data,no_data,no_data,no_data,no_data,250mg/kg/day,no_data,no_data,no_data,no_data,no_data,no_data
SUB:blood clotting,GenRA Pos Act=1 (1) AUC=0 p=1,no_data,no_data,no_data,no_data,no_data,no_data,no_data,no_data,no_data,no_data,no_data,no_data,250mg/kg/day,no_data,no_data
SUB:body weight,GenRA Pos Act=1 (0.821) AUC=0.25 p=0.83,20mg/kg/day,0.03ppm,no_data,40mg/kg/day,14.85mg/kg/day,no_data,no_data,no_data,200mg/kg/day,50mg/kg/day,406mg/kg/day,no_effect,no_effect,43.2mg/kg/day,no_data
SUB:bone,GenRA Neg Act=0 (0) AUC=0 p=1,no_data,no_data,no_data,no_effect,no_data,no_data,no_data,no_data,no_effect,no_data,no_data,no_data,no_data,no_data,no_data
SUB:bone marrow,GenRA Neg Act=0 (0.19) AUC=0 p=0.965,no_effect,no_effect,no_data,no_data,no_effect,no_data,no_data,no_data,115mg/kg/day,no_effect,no_effect,no_effect,no_effect,43.2mg/kg/day,no_data
SUB:brain,GenRA Neg Act=0 (0.406) AUC=0 p=1,20mg/kg/day,no_effect,no_data,no_effect,5mg/kg/day,no_data,no_data,no_data,no_effect,no_effect,406mg/kg/day,no_effect,no_effect,127.5mg/kg/day,no_data
SUB:calcium,GenRA Pos Act=1 (1) AUC=0 p=1,no_data,no_data,no_data,no_data,14.85mg/kg/day,no_data,no_data,no_data,no_data,no_data,no_data,no_data,250mg/kg/day,no_data,no_data
SUB:cholesterol,GenRA Pos Act=1 (0.577) AUC=0 p=0.9,no_data,no_data,no_data,no_effect,no_data,no_data,no_data,no_data,no_effect,no_data,349mg/kg/day,no_data,250mg/kg/day,43.2mg/kg/day,no_data
SUB:cholinesterase,GenRA Pos Act=1 (1) AUC=0 p=1,20mg/kg/day,no_data,no_data,no_data,no_data,no_data,no_data,no_data,no_data,no_data,no_data,no_data,no_data,no_data,no_data
SUB:clinical signs,GenRA Pos Act=1 (0.776) AUC=0 p=0.98,20mg/kg/day,no_effect,no_data,80mg/kg/day,5mg/kg/day,no_data,no_data,no_data,40mg/kg/day,50mg/kg/day,349mg/kg/day,no_effect,50mg/kg/day,100mg/kg/day,no_data
SUB:clitoral gland,GenRA Neg Act=0 (0) AUC=0 p=1,no_data,no_data,no_data,no_effect,no_data,no_data,no_data,no_data,no_effect,no_data,no_data,no_data,no_data,no_data,no_data
SUB:creatine phosphokinase,GenRA Neg Act=0 (0.298) AUC=0 p=0.66,no_data,no_data,no_data,no_effect,no_data,no_data,no_data,no_data,no_effect,no_data,no_data,no_data,no_data,43.2mg/kg/day,no_data
SUB:creatinine,GenRA Pos Act=1 (0.776) AUC=0 p=0.735,no_data,no_data,no_data,no_effect,no_data,no_data,no_data,no_data,130mg/kg/day,no_data,no_data,0.625mg/kg/day,250mg/kg/day,43.2mg/kg/day,no_data
SUB:ear,GenRA Neg Act=0 (0) AUC=0 p=1,no_effect,no_effect,no_data,no_data,no_effect,no_data,no_data,no_data,no_effect,no_effect,no_effect,no_effect,no_effect,no_effect,no_data
SUB:eosinophils,GenRA Pos Act=1 (1) AUC=0 p=1,no_data,no_data,no_data,80mg/kg/day,no_data,no_data,no_data,no_data,no_data,no_data,no_data,no_data,no_data,no_data,no_data
SUB:epididymis,GenRA Neg Act=0 (0.325) AUC=0.1904761904761905 p=0.895,20mg/kg/day,no_effect,no_data,160mg/kg/day,no_effect,no_data,no_data,no_data,no_effect,no_effect,707mg/kg/day,no_effect,no_effect,no_effect,no_data
SUB:erythrocyte (rbc) count differential,GenRA Pos Act=1 (1) AUC=0 p=1,5mg/kg/day,24.4ppm,no_data,40mg/kg/day,14.85mg/kg/day,no_data,no_data,no_data,200mg/kg/day,no_data,707mg/kg/day,no_data,no_data,4.5mg/kg/day,no_data
SUB:esophagus,GenRA Neg Act=0 (0) AUC=0 p=1,no_effect,no_effect,no_data,no_effect,no_effect,no_data,no_data,no_data,no_effect,no_effect,no_effect,no_effect,no_effect,no_effect,no_data
SUB:estrous cycle,GenRA Pos Act=1 (1) AUC=0 p=1,no_data,no_data,no_data,no_data,no_data,no_data,no_data,no_data,445mg/kg/day,no_data,no_data,no_data,no_data,no_data,no_data
SUB:eye,GenRA Neg Act=0 (0) AUC=0 p=1,no_effect,no_effect,no_data,no_effect,no_effect,no_data,no_data,no_data,no_effect,no_effect,no_effect,no_effect,no_effect,no_effect,no_data
SUB:flouride,GenRA Pos Act=1 (1) AUC=0 p=1,no_data,no_data,no_data,no_data,14.85mg/kg/day,no_data,no_data,no_data,no_data,no_data,no_data,no_data,no_data,no_data,no_data
SUB:food consumption,GenRA Neg Act=0 (0.19) AUC=0 p=0.995,no_effect,no_effect,no_data,no_data,no_effect,no_data,no_data,no_data,no_effect,no_effect,406mg/kg/day,no_effect,no_effect,101.9mg/kg/day,no_data
SUB:full gross necropsy,GenRA Neg Act=0 (0.135) AUC=0 p=0.905,20mg/kg/day,no_effect,no_data,no_effect,no_effect,no_data,no_data,no_data,no_effect,no_effect,no_effect,no_effect,no_effect,no_effect,no_data
SUB:gallbladder,GenRA Neg Act=0 (0) AUC=0 p=1,no_data,no_data,no_data,no_effect,no_data,no_data,no_data,no_data,no_effect,no_effect,no_data,no_data,no_effect,no_data,no_data
SUB:gamma glutamyl transpeptides (gtp),GenRA Pos Act=1 (1) AUC=0 p=1,no_data,no_data,no_data,no_data,no_data,no_data,no_data,no_data,no_data,no_data,no_data,no_data,no_data,43.2mg/kg/day,no_data
SUB:globulins,GenRA Pos Act=1 (1) AUC=0 p=1,no_data,no_data,no_data,no_data,14.85mg/kg/day,no_data,no_data,no_data,no_data,no_data,349mg/kg/day,no_data,no_data,no_data,no_data
SUB:glucose,GenRA Neg Act=0 (0.195) AUC=0 p=0.82,no_data,no_data,no_data,no_effect,no_data,no_data,no_data,no_data,no_effect,no_effect,no_data,0.625mg/kg/day,no_effect,no_data,no_data
SUB:glutamate dehydrogenase,GenRA Pos Act=1 (1) AUC=0 p=1,no_data,no_data,no_data,no_data,no_data,no_data,no_data,no_data,no_data,no_data,no_data,no_data,250mg/kg/day,no_data,no_data
SUB:harderian gland,GenRA Neg Act=0 (0) AUC=0 p=1,no_data,no_data,no_data,no_effect,no_data,no_data,no_data,no_data,no_effect,no_data,no_data,no_data,no_data,no_data,no_data
SUB:heart,GenRA Neg Act=0 (0.406) AUC=0 p=0.995,20mg/kg/day,no_effect,no_data,no_effect,100ppm,no_data,no_data,no_data,840mg/kg/day,no_effect,no_effect,no_effect,no_effect,43.2mg/kg/day,no_data
SUB:hematocrit (hct),GenRA Pos Act=1 (1) AUC=0 p=1,5mg/kg/day,no_data,no_data,40mg/kg/day,no_data,no_data,no_data,no_data,225mg/kg/day,no_data,707mg/kg/day,no_data,no_data,43.2mg/kg/day,no_data
SUB:hemoglobin (hgb),GenRA Pos Act=1 (1) AUC=0 p=1,5mg/kg/day,no_data,no_data,40mg/kg/day,no_data,no_data,no_data,no_data,200mg/kg/day,no_data,707mg/kg/day,no_data,250mg/kg/day,4.5mg/kg/day,no_data
SUB:intestine large,GenRA Neg Act=0 (0.09) AUC=0 p=0.88,no_effect,no_effect,no_data,no_effect,no_effect,no_data,no_data,no_data,no_effect,no_effect,no_effect,no_effect,250mg/kg/day,no_effect,no_data
SUB:intestine small,GenRA Neg Act=0 (0.179) AUC=0 p=0.97,no_effect,no_effect,no_data,no_effect,no_effect,no_data,no_data,no_data,no_effect,50mg/kg/day,no_effect,no_effect,250mg/kg/day,no_effect,no_data
SUB:kidney,GenRA Pos Act=1 (0.675) AUC=0.19047619047619047 p=0.92,20mg/kg/day,no_effect,no_data,no_effect,14.85mg/kg/day,no_data,no_data,no_data,200mg/kg/day,no_effect,707mg/kg/day,0.625mg/kg/day,250mg/kg/day,43.2mg/kg/day,no_data
SUB:lacrimal gland,GenRA Neg Act=0 (0) AUC=0 p=1,no_data,no_effect,no_data,no_data,no_effect,no_data,no_data,no_data,no_data,no_data,no_data,no_data,no_data,no_data,no_data
SUB:larynx,GenRA Neg Act=0 (0.101) AUC=0 p=0.9,no_effect,no_effect,no_data,no_effect,180mg/kg/day,no_data,no_data,no_data,no_effect,no_effect,no_effect,no_effect,no_effect,no_effect,no_data
SUB:leukocyte (wbc) count differential,GenRA Pos Act=1 (0.529) AUC=0 p=0.515,no_data,no_data,no_data,80mg/kg/day,no_data,no_data,no_data,no_data,no_effect,no_data,no_data,no_data,no_data,no_data,no_data
SUB:lipids,GenRA Pos Act=1 (1) AUC=0 p=1,no_data,no_data,no_data,no_data,no_data,no_data,no_data,no_data,no_data,no_data,no_data,no_data,250mg/kg/day,no_data,no_data
SUB:liver,GenRA Pos Act=1 (0.585) AUC=0 p=1,5mg/kg/day,no_effect,no_data,no_effect,5mg/kg/day,no_data,no_data,no_data,840mg/kg/day,no_effect,349mg/kg/day,0.625mg/kg/day,no_effect,433mg/kg/day,no_data
SUB:lung,GenRA Neg Act=0 (0.46) AUC=0 p=0.99,20mg/kg/day,0ppm,no_data,no_effect,14.85mg/kg/day,no_data,no_data,no_data,no_effect,no_effect,no_effect,0.625mg/kg/day,no_effect,no_effect,no_data
SUB:lymph node,GenRA Neg Act=0 (0.249) AUC=0 p=0.955,no_effect,24.4ppm,no_data,no_data,no_effect,no_data,no_data,no_data,no_effect,no_effect,no_effect,no_effect,50mg/kg/day,no_effect,no_data
SUB:lymphocyte,GenRA Pos Act=1 (1) AUC=0 p=1,no_data,no_data,no_data,160mg/kg/day,no_data,no_data,no_data,no_data,no_data,no_data,no_data,no_data,no_data,no_data,no_data
SUB:mammary gland,GenRA Neg Act=0 (0) AUC=0 p=1,no_effect,no_effect,no_data,no_effect,no_effect,no_data,no_data,no_data,no_effect,no_effect,no_effect,no_effect,no_effect,no_effect,no_data
SUB:mean corpuscular (cell) volume (mcv),GenRA Pos Act=1 (1) AUC=0 p=1,no_data,no_data,no_data,40mg/kg/day,no_data,no_data,no_data,no_data,200mg/kg/day,no_data,794mg/kg/day,no_data,no_data,43.2mg/kg/day,no_data
SUB:mean corpuscular hemoglobin (mch),GenRA Pos Act=1 (1) AUC=0 p=1,no_data,no_data,no_data,80mg/kg/day,no_data,no_data,no_data,no_data,200mg/kg/day,no_data,794mg/kg/day,no_data,no_data,no_data,no_data
SUB:mean corpuscular hemoglobin concentration (mchc),GenRA Pos Act=1 (1) AUC=0 p=1,no_data,no_data,no_data,80mg/kg/day,no_data,no_data,no_data,no_data,200mg/kg/day,no_data,no_data,no_data,no_data,43.2mg/kg/day,no_data
SUB:methemoglobin,GenRA Pos Act=1 (1) AUC=0 p=1,no_data,no_data,no_data,no_data,no_data,no_data,no_data,no_data,30mg/kg/day,no_data,no_data,no_data,no_data,no_data,no_data
SUB:monocytes,GenRA Pos Act=1 (1) AUC=0 p=1,no_data,no_data,no_data,80mg/kg/day,no_data,no_data,no_data,no_data,no_data,no_data,no_data,no_data,no_data,no_data,no_data
SUB:mortality,GenRA Neg Act=0 (0.361) AUC=0 p=1,no_effect,no_effect,no_data,no_effect,180mg/kg/day,no_data,no_data,no_data,250mg/kg/day,50mg/kg/day,no_effect,no_effect,no_effect,100mg/kg/day,no_data
SUB:nerve,GenRA Neg Act=0 (0.135) AUC=0 p=0.885,1mg/kg/day,no_effect,no_data,no_effect,no_effect,no_data,no_data,no_data,no_effect,no_effect,no_effect,no_effect,no_effect,no_effect,no_data
SUB:neutrophils,GenRA Pos Act=1 (1) AUC=0 p=1,no_data,0.03ppm,no_data,80mg/kg/day,no_data,no_data,no_data,no_data,no_data,no_data,no_data,no_data,no_data,no_data,no_data
SUB:non-protein sulfhydryl (npsh),GenRA Pos Act=1 (1) AUC=0 p=1,no_data,no_data,no_data,no_data,no_data,no_data,no_data,no_data,no_data,no_data,no_data,0.625mg/kg/day,no_data,no_data,no_data
SUB:nose,GenRA Neg Act=0 (0.235) AUC=0.25 p=0.835,no_effect,14.13ppm,no_data,no_effect,1.49mg/kg/day,no_data,no_data,no_data,no_effect,no_effect,no_effect,no_effect,no_effect,no_effect,no_data
SUB:nucleated red blood cell (nrbc),GenRA Pos Act=1 (1) AUC=0 p=1,no_data,no_data,no_data,80mg/kg/day,no_data,no_data,no_data,no_data,200mg/kg/day,no_data,no_data,no_data,no_data,no_data,no_data
SUB:occult blood,GenRA Neg Act=0 (0) AUC=0 p=1,no_data,no_data,no_data,no_data,no_data,no_data,no_data,no_data,no_data,no_effect,no_data,no_data,no_effect,no_data,no_data
SUB:ovary,GenRA Neg Act=0 (0) AUC=0 p=1,no_effect,no_effect,no_data,no_effect,no_effect,no_data,no_data,no_data,no_effect,no_effect,no_effect,no_effect,no_effect,no_effect,no_data
SUB:pancreas,GenRA Neg Act=0 (0.191) AUC=0 p=0.97,no_effect,no_effect,no_data,80mg/kg/day,no_effect,no_data,no_data,no_data,no_effect,no_effect,no_effect,no_effect,250mg/kg/day,no_effect,no_data
SUB:parathyroid,GenRA Neg Act=0 (0) AUC=0 p=1,no_data,no_data,no_data,no_data,no_data,no_data,no_data,no_data,no_data,no_effect,no_data,no_data,no_effect,no_data,no_data
SUB:parathyroid gland,GenRA Neg Act=0 (0) AUC=0 p=1,no_effect,no_effect,no_data,no_effect,no_effect,no_data,no_data,no_data,no_effect,no_effect,no_effect,no_effect,no_effect,no_effect,no_data
SUB:ph,GenRA Neg Act=0 (0.163) AUC=0 p=0.855,no_data,no_effect,no_data,no_data,no_effect,no_data,no_data,no_data,no_data,no_effect,no_data,no_data,no_effect,43.2mg/kg/day,no_data
SUB:pharynx,GenRA Neg Act=0 (0) AUC=0 p=1,no_effect,no_effect,no_data,no_data,no_effect,no_data,no_data,no_data,no_effect,no_effect,no_effect,no_effect,no_effect,no_effect,no_data
SUB:pituitary gland,GenRA Neg Act=0 (0) AUC=0 p=1,no_effect,no_effect,no_data,no_effect,no_effect,no_data,no_data,no_data,no_effect,no_effect,no_effect,no_effect,no_effect,no_effect,no_data
SUB:platelet,GenRA Pos Act=1 (1) AUC=0 p=1,no_data,no_data,no_data,40mg/kg/day,14.85mg/kg/day,no_data,no_data,no_data,225mg/kg/day,no_data,no_data,no_data,no_data,no_data,no_data
SUB:potassium,GenRA Pos Act=1 (1) AUC=0 p=1,no_data,no_data,no_data,no_data,no_data,no_data,no_data,no_data,no_data,no_data,no_data,no_data,250mg/kg/day,no_data,no_data
SUB:preputial gland,GenRA Neg Act=0 (0) AUC=0 p=1,no_data,no_data,no_data,no_effect,no_data,no_data,no_data,no_data,no_effect,no_data,no_data,no_data,no_data,no_data,no_data
SUB:prostate,GenRA Neg Act=0 (0.135) AUC=0 p=0.87,20mg/kg/day,no_effect,no_data,no_effect,no_effect,no_data,no_data,no_data,no_effect,no_effect,no_effect,no_effect,no_effect,no_effect,no_data
SUB:protein,GenRA Neg Act=0 (0.34) AUC=0 p=0.94,no_data,no_data,no_data,no_effect,14.85mg/kg/day,no_data,no_data,no_data,no_effect,no_effect,349mg/kg/day,no_data,no_effect,no_data,no_data
SUB:reticulocyte,GenRA Pos Act=1 (1) AUC=0 p=1,no_data,no_data,no_data,160mg/kg/day,no_data,no_data,no_data,no_data,200mg/kg/day,no_data,no_data,no_data,no_data,43.2mg/kg/day,no_data
SUB:salivary glands,GenRA Neg Act=0 (0) AUC=0 p=1,no_effect,no_effect,no_data,no_effect,no_effect,no_data,no_data,no_data,no_effect,no_effect,no_effect,no_effect,no_effect,no_effect,no_data
SUB:seminal vesicle,GenRA Neg Act=0 (0.135) AUC=0 p=0.885,20mg/kg/day,no_effect,no_data,no_effect,no_effect,no_data,no_data,no_data,no_effect,no_effect,no_effect,no_effect,no_effect,no_effect,no_data
SUB:skeletal muscle,GenRA Neg Act=0 (0.414) AUC=0 p=0.635,20mg/kg/day,no_data,no_data,no_effect,no_data,no_data,no_data,no_data,no_effect,no_data,no_data,no_data,no_data,no_data,no_data
SUB:skin,GenRA Neg Act=0 (0) AUC=0 p=1,no_effect,no_effect,no_data,no_effect,no_effect,no_data,no_data,no_data,no_effect,no_effect,no_effect,no_effect,no_effect,no_effect,no_data
SUB:sorbitol dehydrogenase,GenRA Neg Act=0 (0) AUC=0 p=1,no_data,no_data,no_data,no_effect,no_data,no_data,no_data,no_data,no_effect,no_data,no_data,no_data,no_data,no_data,no_data
SUB:specific gravity/osmolality,GenRA Pos Act=1 (0.752) AUC=0 p=0.725,no_data,no_data,no_data,no_data,14.85mg/kg/day,no_data,no_data,no_data,no_data,no_effect,no_data,no_data,250mg/kg/day,4mg/kg/day,no_data
SUB:sperm measure,GenRA Pos Act=1 (1) AUC=0 p=1,no_data,no_data,no_data,no_data,no_data,no_data,no_data,no_data,115mg/kg/day,no_data,no_data,no_data,no_data,no_data,no_data
SUB:spinal cord,GenRA Neg Act=0 (0.15) AUC=0 p=0.885,20mg/kg/day,no_effect,no_data,no_data,no_effect,no_data,no_data,no_data,no_effect,no_effect,no_effect,no_effect,no_effect,no_effect,no_data
SUB:spleen,GenRA Neg Act=0 (0.305) AUC=0 p=0.985,20mg/kg/day,no_effect,no_data,no_effect,no_effect,no_data,no_data,no_data,115mg/kg/day,no_effect,no_effect,no_effect,no_effect,433mg/kg/day,no_data
SUB:stomach,GenRA Neg Act=0 (0.314) AUC=0 p=0.995,20mg/kg/day,no_effect,no_data,no_effect,no_effect,no_data,no_data,no_data,310mg/kg/day,no_effect,no_effect,no_effect,250mg/kg/day,no_effect,no_data
SUB:testes,GenRA Pos Act=1 (0.596) AUC=0 p=0.995,20mg/kg/day,no_effect,no_data,160mg/kg/day,14.85mg/kg/day,no_data,no_data,no_data,750mg/kg/day,no_effect,707mg/kg/day,no_effect,no_effect,43.2mg/kg/day,no_data
SUB:thymus,GenRA Neg Act=0 (0.37) AUC=0.14285714285714285 p=0.955,5mg/kg/day,24.4ppm,no_data,no_effect,14.85mg/kg/day,no_data,no_data,no_data,no_effect,no_effect,no_effect,no_effect,no_effect,no_effect,no_data
SUB:thyroid gland,GenRA Neg Act=0 (0.271) AUC=0 p=0.995,no_effect,no_effect,no_data,no_effect,100ppm,no_data,no_data,no_data,no_effect,10.7mg/kg/day,no_effect,no_effect,no_effect,4mg/kg/day,no_data
SUB:tongue,GenRA Neg Act=0 (0) AUC=0 p=1,no_data,no_data,no_data,no_effect,no_data,no_data,no_data,no_data,no_effect,no_data,no_data,no_data,no_data,no_data,no_data
SUB:trachea,GenRA Neg Act=0 (0.101) AUC=0 p=0.89,no_effect,no_effect,no_data,no_effect,100ppm,no_data,no_data,no_data,no_effect,no_effect,no_effect,no_effect,no_effect,no_effect,no_data
SUB:triglycerides,GenRA Neg Act=0 (0.32) AUC=0 p=0.66,no_data,no_data,no_data,no_effect,no_data,no_data,no_data,no_data,no_effect,no_data,no_data,0.00625mg/kg/day,no_data,no_data,no_data
SUB:urea nitrogen,GenRA Pos Act=1 (0.628) AUC=0 p=0.625,no_data,no_data,no_data,no_effect,no_data,no_data,no_data,no_data,30mg/kg/day,no_data,no_data,no_data,no_data,4mg/kg/day,no_data
SUB:urinary bladder,GenRA Neg Act=0 (0.215) AUC=0.0625 p=0.975,20mg/kg/day,no_effect,no_data,no_effect,no_effect,no_data,no_data,no_data,no_effect,no_effect,no_effect,no_effect,no_effect,101.9mg/kg/day,no_data
SUB:uterus,GenRA Neg Act=0 (0.215) AUC=0.0625 p=0.955,20mg/kg/day,no_effect,no_data,no_effect,no_effect,no_data,no_data,no_data,no_effect,no_effect,no_effect,no_effect,no_effect,45.7mg/kg/day,no_data
SUB:vagina,GenRA Neg Act=0 (0) AUC=0 p=1,no_data,no_data,no_data,no_effect,no_data,no_data,no_data,no_data,no_effect,no_data,no_data,no_data,no_data,no_data,no_data
SUB:volume,GenRA Pos Act=1 (0.744) AUC=0 p=0.715,no_data,no_data,no_data,no_data,no_data,no_data,no_data,no_data,no_data,no_effect,no_data,0.625mg/kg/day,250mg/kg/day,4mg/kg/day,no_data
SUB:water consumption,GenRA Pos Act=1 (1) AUC=0 p=1,20mg/kg/day,no_data,no_data,no_data,no_data,no_data,no_data,no_data,225mg/kg/day,no_data,no_data,no_data,no_data,4mg/kg/day,no_data